topic,label,keyword
Pengendalian Hama,risiko pestisida kesehatan,pestisida
Pengendalian Hama,risiko pestisida kesehatan,racun
Pengendalian Hama,risiko pestisida kesehatan,bahaya
Pengendalian Hama,risiko pestisida kesehatan,residu
Pengendalian Hama,risiko pestisida kesehatan,kesehatan
Pengendalian Hama,risiko pestisida kesehatan,keracunan
Pengendalian Hama,risiko pestisida kesehatan,iritasi
Pengendalian Hama,risiko pestisida kesehatan,efek samping
Pengendalian Hama,risiko pestisida kesehatan,kontaminasi
Pengendalian Hama,risiko pestisida kesehatan,paparan
Pengendalian Hama,risiko pestisida kesehatan,aman
Pengendalian Hama,risiko pestisida kesehatan,tidak aman
Pengendalian Hama,risiko pestisida kesehatan,berbahaya
Pengendalian Hama,risiko pestisida kesehatan,beracun
Pengendalian Hama,risiko pestisida kesehatan,zat kimia
Pengendalian Hama,risiko pestisida kesehatan,bikin pusing
Pengendalian Hama,risiko pestisida kesehatan,sesak
Pengendalian Hama,risiko pestisida kesehatan,mual
Pengendalian Hama,risiko pestisida kesehatan,bahaya buat anak
Pengendalian Hama,risiko pestisida kesehatan,merusak lingkungan
Pengendalian Hama,risiko pestisida kesehatan,kapok
Pengendalian Hama,risiko pestisida kesehatan,trauma
Pengendalian Hama,risiko pestisida kesehatan,meracuni
Pengendalian Hama,risiko pestisida kesehatan,tidak sehat
Pengendalian Hama,risiko pestisida kesehatan,ngeri-ngeri
Pengendalian Hama,risiko pestisida kesehatan,pusing
Pengendalian Hama,risiko pestisida kesehatan,batuk
Pengendalian Hama,risiko pestisida kesehatan,gatal
Pengendalian Hama,risiko pestisida kesehatan,alergi
Pengendalian Hama,risiko pestisida kesehatan,iritasi kulit
Pengendalian Hama,risiko pestisida kesehatan,sesak napas
Pengendalian Hama,risiko pestisida kesehatan,bau menyengat
Pengendalian Hama,risiko pestisida kesehatan,toksik
Pengendalian Hama,risiko pestisida kesehatan,keracunan ringan
Pengendalian Hama,risiko pestisida kesehatan,bahaya kesehatan
Pengendalian Hama,risiko pestisida kesehatan,berdampak ke tubuh
Pengendalian Hama,risiko pestisida kesehatan,tidak ramah lingkungan
Pengendalian Hama,risiko pestisida kesehatan,mencemari tanah
Pengendalian Hama,risiko pestisida kesehatan,residu kimia
Pengendalian Hama,efektivitas pengendalian hama,hama
Pengendalian Hama,efektivitas pengendalian hama,busuk
Pengendalian Hama,efektivitas pengendalian hama,ulat
Pengendalian Hama,efektivitas pengendalian hama,wereng
Pengendalian Hama,efektivitas pengendalian hama,tikus
Pengendalian Hama,efektivitas pengendalian hama,serangga
Pengendalian Hama,efektivitas pengendalian hama,ampuh
Pengendalian Hama,efektivitas pengendalian hama,mempan
Pengendalian Hama,efektivitas pengendalian hama,tidak mempan
Pengendalian Hama,efektivitas pengendalian hama,efektif
Pengendalian Hama,efektivitas pengendalian hama,gagal
Pengendalian Hama,efektivitas pengendalian hama,berhasil
Pengendalian Hama,efektivitas pengendalian hama,hilang
Pengendalian Hama,efektivitas pengendalian hama,mati
Pengendalian Hama,efektivitas pengendalian hama,masih ada
Pengendalian Hama,efektivitas pengendalian hama,kebal
Pengendalian Hama,efektivitas pengendalian hama,berkurang
Pengendalian Hama,efektivitas pengendalian hama,percuma
Pengendalian Hama,efektivitas pengendalian hama,ngaruh
Pengendalian Hama,efektivitas pengendalian hama,masih banyak
Pengendalian Hama,efektivitas pengendalian hama,sia sia
Pengendalian Hama,efektivitas pengendalian hama,belum mati
Pengendalian Hama,efektivitas pengendalian hama,masih menyerang
Pengendalian Hama,efektivitas pengendalian hama,cepat hilang
Pengendalian Hama,efektivitas pengendalian hama,lambat bekerja
Pengendalian Hama,efektivitas pengendalian hama,hasilnya kelihatan
Pengendalian Hama,efektivitas pengendalian hama,nggak ada efek
Pengendalian Hama,efektivitas pengendalian hama,kurang ampuh
Pengendalian Hama,efektivitas pengendalian hama,serangan hama
Pengendalian Hama,efektivitas pengendalian hama,populasi turun
Pengendalian Hama,efektivitas pengendalian hama,makin parah
Pengendalian Hama,efektivitas pengendalian hama,tambah banyak
Pengendalian Hama,kompatibilitas pestisida,dosis
Pengendalian Hama,kompatibilitas pestisida,takaran
Pengendalian Hama,kompatibilitas pestisida,campur
Pengendalian Hama,kompatibilitas pestisida,mix
Pengendalian Hama,kompatibilitas pestisida,dicampur
Pengendalian Hama,kompatibilitas pestisida,kombinasi
Pengendalian Hama,kompatibilitas pestisida,insektisida
Pengendalian Hama,kompatibilitas pestisida,fungisida
Pengendalian Hama,kompatibilitas pestisida,herbisida
Pengendalian Hama,kompatibilitas pestisida,reaksi
Pengendalian Hama,kompatibilitas pestisida,kompatibel
Pengendalian Hama,kompatibilitas pestisida,tidak cocok
Pengendalian Hama,kompatibilitas pestisida,endapan
Pengendalian Hama,kompatibilitas pestisida,larut
Pengendalian Hama,kompatibilitas pestisida,salah campur
Pengendalian Hama,kompatibilitas pestisida,rusak
Pengendalian Hama,kompatibilitas pestisida,campuran gagal
Pengendalian Hama,kompatibilitas pestisida,reaksi kimia
Pengendalian Hama,kompatibilitas pestisida,menggumpal
Pengendalian Hama,kompatibilitas pestisida,pecah
Pengendalian Hama,kompatibilitas pestisida,rusak larutan
Pengendalian Hama,kompatibilitas pestisida,tidak larut
Pengendalian Hama,kompatibilitas pestisida,bereaksi
Pengendalian Hama,kompatibilitas pestisida,takaran salah
Pengendalian Hama,kompatibilitas pestisida,overdosis campuran
Pengendalian Hama,kompatibilitas pestisida,kombinasi aman
Pengendalian Hama,kompatibilitas pestisida,kombinasi berbahaya
Pengendalian Hama,alternatif pengendalian alami,ribet
Pengendalian Hama,alternatif pengendalian alami,ramuan
Pengendalian Hama,alternatif pengendalian alami,fermentasi
Pengendalian Hama,alternatif pengendalian alami,eco
Pengendalian Hama,alternatif pengendalian alami,hayati
Pengendalian Hama,alternatif pengendalian alami,musuh alami
Pengendalian Hama,alternatif pengendalian alami,tanpa kimia
Pengendalian Hama,alternatif pengendalian alami,pestisida nabati
Pengendalian Hama,alternatif pengendalian alami,ramah lingkungan
Pengendalian Hama,alternatif pengendalian alami,eco friendly
Pengendalian Hama,alternatif pengendalian alami,bahan dapur
Pengendalian Hama,alternatif pengendalian alami,ekstrak daun
Pengendalian Hama,alternatif pengendalian alami,larutan alami
Pengendalian Hama,alternatif pengendalian alami,tanpa pestisida
Pengendalian Hama,alternatif pengendalian alami,aman buat tanaman
Pengendalian Hama,alternatif pengendalian alami,efek lambat
pemupukan,dosis dan waktu pupuk,pupuk
pemupukan,dosis dan waktu pupuk,dosis
pemupukan,dosis dan waktu pupuk,takaran
pemupukan,dosis dan waktu pupuk,berapa
pemupukan,dosis dan waktu pupuk,waktu
pemupukan,dosis dan waktu pupuk,jadwal
pemupukan,dosis dan waktu pupuk,kebanyakan
pemupukan,dosis dan waktu pupuk,umur tanaman
pemupukan,dosis dan waktu pupuk,fase
pemupukan,dosis dan waktu pupuk,awal tanam
pemupukan,dosis dan waktu pupuk,kelebihan
pemupukan,dosis dan waktu pupuk,kurang
pemupukan,dosis dan waktu pupuk,susulan
pemupukan,dosis dan waktu pupuk,terlalu banyak
pemupukan,dosis dan waktu pupuk,kurang
pemupukan,dosis dan waktu pupuk,asal tabur
pemupukan,dosis dan waktu pupuk,salah waktu
pemupukan,dosis dan waktu pupuk,telat pupuk
pemupukan,dosis dan waktu pupuk,terlalu cepat
pemupukan,dosis dan waktu pupuk,dosis pas
pemupukan,dosis dan waktu pupuk,jadwal salah
pemupukan,dosis dan waktu pupuk,waktu ideal
pemupukan,dosis dan waktu pupuk,fase vegetatif
pemupukan,dosis dan waktu pupuk,fase generatif
pemupukan,dosis dan waktu pupuk,pupuk awal
pemupukan,dosis dan waktu pupuk,pupuk lanjutan 
pemupukan,dosis dan waktu pupuk,kebanyakan pupuk
pemupukan,dosis dan waktu pupuk,kurang nutrisi
pemupukan,dosis dan waktu pupuk,pupuk tidak merata
pemupukan,konflik pupuk kimia organik,kimia
pemupukan,konflik pupuk kimia organik,organik
pemupukan,konflik pupuk kimia organik,npk
pemupukan,konflik pupuk kimia organik,urea
pemupukan,konflik pupuk kimia organik,phonska
pemupukan,konflik pupuk kimia organik,za
pemupukan,konflik pupuk kimia organik,pupuk pabrik
pemupukan,konflik pupuk kimia organik,pupuk kandang
pemupukan,konflik pupuk kimia organik,kompos
pemupukan,konflik pupuk kimia organik,merusak tanah
pemupukan,konflik pupuk kimia organik,ketergantungan
pemupukan,konflik pupuk kimia organik,tidak alami
pemupukan,konflik pupuk kimia organik,alami vs kimia
pemupukan,konflik pupuk kimia organik,perbandingan
pemupukan,konflik pupuk kimia organik,pro kimia
pemupukan,konflik pupuk kimia organik,pro organik
pemupukan,konflik pupuk kimia organik,campur kimia organik
pemupukan,konflik pupuk kimia organik,beda hasil
pemupukan,konflik pupuk kimia organik,hasil kimia
pemupukan,konflik pupuk kimia organik,hasil organik
pemupukan,konflik pupuk kimia organik,jangka panjang
pemupukan,konflik pupuk kimia organik,tanah rusak
pemupukan,konflik pupuk kimia organik,tanah sehat
pemupukan,konflik pupuk kimia organik,ketergantungan pupuk
pemupukan,konflik pupuk kimia organik,perdebatan pupuk
pemupukan,dampak pupuk ke tanaman,layu
pemupukan,dampak pupuk ke tanaman,kuning
pemupukan,dampak pupuk ke tanaman,subur
pemupukan,dampak pupuk ke tanaman,mati
pemupukan,dampak pupuk ke tanaman,parah
pemupukan,dampak pupuk ke tanaman,gosong
pemupukan,dampak pupuk ke tanaman,terbakar
pemupukan,dampak pupuk ke tanaman,busuk
pemupukan,dampak pupuk ke tanaman,mengecil
pemupukan,dampak pupuk ke tanaman,kecil
pemupukan,dampak pupuk ke tanaman,tumbuh
pemupukan,dampak pupuk ke tanaman,kerdil
pemupukan,dampak pupuk ke tanaman,segar
pemupukan,dampak pupuk ke tanaman,habis
pemupukan,dampak pupuk ke tanaman,cacat
pemupukan,dampak pupuk ke tanaman,overdosis
pemupukan,dampak pupuk ke tanaman,daun rontok
pemupukan,dampak pupuk ke tanaman,daun keriting
pemupukan,dampak pupuk ke tanaman,tanaman stres
pemupukan,dampak pupuk ke tanaman,pertumbuhan lambat
pemupukan,dampak pupuk ke tanaman,akar rusak
pemupukan,dampak pupuk ke tanaman,mati mendadak
pemupukan,dampak pupuk ke tanaman,tumbuh tidak normal
pemupukan,dampak pupuk ke tanaman,batang lemah
pemupukan,dampak pupuk ke tanaman,daun pucat
pemupukan,dampak pupuk ke tanaman,gagal panen
pemupukan,efisiensi penggunaan pupuk,irit
pemupukan,efisiensi penggunaan pupuk,efisien
pemupukan,efisiensi penggunaan pupuk,hemat
pemupukan,efisiensi penggunaan pupuk,boros
pemupukan,efisiensi penggunaan pupuk,murah
pemupukan,efisiensi penggunaan pupuk,mahal
pemupukan,efisiensi penggunaan pupuk,terjangkau
pemupukan,efisiensi penggunaan pupuk,optimal
pemupukan,efisiensi penggunaan pupuk,maksimal
pemupukan,efisiensi penggunaan pupuk,buang
pemupukan,efisiensi penggunaan pupuk,tepat guna
pemupukan,efisiensi penggunaan pupuk,rugi
pemupukan,efisiensi penggunaan pupuk,penghematan
pemupukan,efisiensi penggunaan pupuk,biaya pupuk
pemupukan,efisiensi penggunaan pupuk,pemborosan
pemupukan,efisiensi penggunaan pupuk,biaya membengkak
pemupukan,efisiensi penggunaan pupuk,pupuk mahal
pemupukan,efisiensi penggunaan pupuk,pupuk subsidi
pemupukan,efisiensi penggunaan pupuk,hasil sebanding
pemupukan,efisiensi penggunaan pupuk,tidak sebanding
pemupukan,efisiensi penggunaan pupuk,cost tinggi
pemupukan,efisiensi penggunaan pupuk,hemat biaya
pemupukan,efisiensi penggunaan pupuk,pengeluaran besar
pemupukan,efisiensi penggunaan pupuk,balik modal
irigasi,efisiensi air irigasi,air
irigasi,efisiensi air irigasi,boros
irigasi,efisiensi air irigasi,hemat
irigasi,efisiensi air irigasi,efisiensi
irigasi,efisiensi air irigasi,irigasi
irigasi,efisiensi air irigasi,cukup
irigasi,efisiensi air irigasi,kurang
irigasi,efisiensi air irigasi,kelebihan
irigasi,efisiensi air irigasi,pengairan
irigasi,efisiensi air irigasi,siraman
irigasi,efisiensi air irigasi,kurang air
irigasi,efisiensi air irigasi,melimpah
irigasi,efisiensi air irigasi,air terbuang
irigasi,efisiensi air irigasi,kekeringan
irigasi,efisiensi air irigasi,air cepat habis
irigasi,efisiensi air irigasi,irigasi bocor
irigasi,efisiensi air irigasi,air tidak merata
irigasi,efisiensi air irigasi,penyiraman manual
irigasi,efisiensi air irigasi,penyiraman otomatis
irigasi,efisiensi air irigasi,hemat air
irigasi,efisiensi air irigasi,krisis air
irigasi,efisiensi air irigasi,debit kecil
irigasi,efisiensi air irigasi,debit besar
irigasi,efisiensi air irigasi,air sulit
irigasi,biaya infrastruktur irigasi,biaya
irigasi,biaya infrastruktur irigasi,pompa
irigasi,biaya infrastruktur irigasi,listrik
irigasi,biaya infrastruktur irigasi,pipa
irigasi,biaya infrastruktur irigasi,terjangkau
irigasi,biaya infrastruktur irigasi,murah
irigasi,biaya infrastruktur irigasi,instalasi
irigasi,biaya infrastruktur irigasi,perawatan
irigasi,biaya infrastruktur irigasi,mahal
irigasi,biaya infrastruktur irigasi,modal
irigasi,biaya infrastruktur irigasi,ongkos
irigasi,biaya infrastruktur irigasi,solar
irigasi,biaya infrastruktur irigasi,biaya  tinggi
irigasi,biaya infrastruktur irigasi,modal awal besar
irigasi,biaya infrastruktur irigasi,biaya operasional
irigasi,biaya infrastruktur irigasi,listrik mahal
irigasi,biaya infrastruktur irigasi,pompa rusak
irigasi,biaya infrastruktur irigasi,pipa bocor
irigasi,biaya infrastruktur irigasi,investasi besar
irigasi,biaya infrastruktur irigasi,biaya perbaikan
irigasi,biaya infrastruktur irigasi,ongkos perawatan
irigasi,biaya infrastruktur irigasi,dana terbatas
irigasi,biaya infrastruktur irigasi,tidak terjangkau
irigasi,keandalan sistem irigasi,bocor
irigasi,keandalan sistem irigasi,macet
irigasi,keandalan sistem irigasi,jalan
irigasi,keandalan sistem irigasi,rusak
irigasi,keandalan sistem irigasi,lancar
irigasi,keandalan sistem irigasi,rewel
irigasi,keandalan sistem irigasi,aman
irigasi,keandalan sistem irigasi,tidak lancar
irigasi,keandalan sistem irigasi,tersumbat
irigasi,keandalan sistem irigasi,berfungsi
irigasi,keandalan sistem irigasi,mati
irigasi,keandalan sistem irigasi,normal
irigasi,keandalan sistem irigasi,stabil
irigasi,keandalan sistem irigasi,sering rusak
irigasi,keandalan sistem irigasi,tidak stabil
irigasi,keandalan sistem irigasi,mati mendadak
irigasi,keandalan sistem irigasi,gangguan
irigasi,keandalan sistem irigasi,error
irigasi,keandalan sistem irigasi,sistem gagal
irigasi,keandalan sistem irigasi,perlu servis
irigasi,keandalan sistem irigasi,tidak konsisten
irigasi,keandalan sistem irigasi,bermasalah
irigasi,keandalan sistem irigasi,jarang bermasalah
irigasi,teknologi irigasi modern,drip
irigasi,teknologi irigasi modern,tetes
irigasi,teknologi irigasi modern,otomatis
irigasi,teknologi irigasi modern,sensor
irigasi,teknologi irigasi modern,teknologi
irigasi,teknologi irigasi modern,canggih
irigasi,teknologi irigasi modern,sprinkler
irigasi,teknologi irigasi modern,timer
irigasi,teknologi irigasi modern,mudah
irigasi,teknologi irigasi modern,praktis
irigasi,teknologi irigasi modern,ringan
irigasi,teknologi irigasi modern,smart farming
irigasi,teknologi irigasi modern,digital
irigasi,teknologi irigasi modern,kontrol jarak jauh
irigasi,teknologi irigasi modern,otomatisasi
irigasi,teknologi irigasi modern,berbasis sensor
irigasi,teknologi irigasi modern,iot
irigasi,teknologi irigasi modern,smart system
irigasi,teknologi irigasi modern,kontrol hp
irigasi,teknologi irigasi modern,sistem pintar
irigasi,teknologi irigasi modern,modern
irigasi,teknologi irigasi modern,teknologi baru
irigasi,teknologi irigasi modern,update teknologi
irigasi,teknologi irigasi modern,digital farming
budidaya organik,harga produk organik,mahal
budidaya organik,harga produk organik,harga
budidaya organik,harga produk organik,murah
budidaya organik,harga produk organik,pasar
budidaya organik,harga produk organik,selisih harga
budidaya organik,harga produk organik,nilai jual
budidaya organik,harga produk organik,ekonomis
budidaya organik,harga produk organik,terjangkau
budidaya organik,harga produk organik,kompetitif
budidaya organik,harga produk organik,tidak sebanding
budidaya organik,harga produk organik,worth it
budidaya organik,harga produk organik,overpriced
budidaya organik,harga produk organik,mahal banget
budidaya organik,harga produk organik,beda jauh 
budidaya organik,harga produk organik,tidka terjangkau
budidaya organik,harga produk organik,harga premium
budidaya organik,harga produk organik,pasar khusus
budidaya organik,harga produk organik,harga naik
budidaya organik,harga produk organik,nilai tambah
budidaya organik,harga produk organik,harga wajar
budidaya organik,harga produk organik,harga tinggi
budidaya organik,hasil panen organik,panen
budidaya organik,hasil panen organik,hasil
budidaya organik,hasil panen organik,premium
budidaya organik,hasil panen organik,produksi
budidaya organik,hasil panen organik,melimpah
budidaya organik,hasil panen organik,sedikit
budidaya organik,hasil panen organik,kualitas
budidaya organik,hasil panen organik,ukuran
budidaya organik,hasil panen organik,fresh
budidaya organik,hasil panen organik,terjamin
budidaya organik,hasil panen organik,dicari
budidaya organik,hasil panen organik,bagus
budidaya organik,hasil panen organik,tanaman sehat
budidaya organik,hasil panen organik,berat
budidaya organik,hasil panen organik,jumlah
budidaya organik,hasil panen organik,kuantitas
budidaya organik,hasil panen organik,segar
budidaya organik,hasil panen organik,panen sedikit
budidaya organik,hasil panen organik,panen stabil
budidaya organik,hasil panen organik,hasil konsisten
budidaya organik,hasil panen organik,produksi turun
budidaya organik,hasil panen organik,kualitas bagus
budidaya organik,hasil panen organik,rasa lebih enak
budidaya organik,hasil panen organik,ukuran kecil
budidaya organik,hasil panen organik,tidak seragam
budidaya organik,kepercayaan produk organik,asli
budidaya organik,kepercayaan produk organik,organik
budidaya organik,kepercayaan produk organik,klaim
budidaya organik,kepercayaan produk organik,label
budidaya organik,kepercayaan produk organik,sertifikat
budidaya organik,kepercayaan produk organik,percaya
budidaya organik,kepercayaan produk organik,palsu
budidaya organik,kepercayaan produk organik,diragukan
budidaya organik,kepercayaan produk organik,bohong
budidaya organik,kepercayaan produk organik,ngibul
budidaya organik,kepercayaan produk organik,terpercaya
budidaya organik,kepercayaan produk organik,jaminan
budidaya organik,kepercayaan produk organik,legal
budidaya organik,kepercayaan produk organik,diragukan keasliannya
budidaya organik,kepercayaan produk organik,cuma klaim
budidaya organik,kepercayaan produk organik,marketing doang
budidaya organik,kepercayaan produk organik,label palsu
budidaya organik,kepercayaan produk organik,susah dibedakan
budidaya organik,kepercayaan produk organik,keaslian produk
budidaya organik,kepercayaan produk organik,jujur
budidaya organik,kepercayaan produk organik,transparan
budidaya organik,minat konsumen organik,minat
budidaya organik,minat konsumen organik,suka
budidaya organik,minat konsumen organik,pilih
budidaya organik,minat konsumen organik,konsumsi
budidaya organik,minat konsumen organik,memadai
budidaya organik,minat konsumen organik,lahan
budidaya organik,minat konsumen organik,rawat
budidaya organik,minat konsumen organik,tren
budidaya organik,minat konsumen organik,gaya hidup
budidaya organik,minat konsumen organik,ribet
budidaya organik,minat konsumen organik,repot
budidaya organik,minat konsumen organik,sehat
budidaya organik,minat konsumen organik,kesadaran
budidaya organik,minat konsumen organik,permintaan
budidaya organik,minat konsumen organik,mulai tertarik
budidaya organik,minat konsumen organik,penasaran
budidaya organik,minat konsumen organik,mau coba
budidaya organik,minat konsumen organik,beralih ke organik
budidaya organik,minat konsumen organik,kesadaran kesehatan
budidaya organik,minat konsumen organik,gaya hidup sehat
budidaya organik,minat konsumen organik,makin diminati
budidaya organik,minat konsumen organik,pasar berkembang
hidroponik,biaya awal hidroponik,modal
hidroponik,biaya awal hidroponik,biaya
hidroponik,biaya awal hidroponik,mahal
hidroponik,biaya awal hidroponik,murah
hidroponik,biaya awal hidroponik,overprice
hidroponik,biaya awal hidroponik,harga
hidroponik,biaya awal hidroponik,investasi
hidroponik,biaya awal hidroponik,alat
hidroponik,biaya awal hidroponik,instalasi
hidroponik,biaya awal hidroponik,pipa
hidroponik,biaya awal hidroponik,pompa
hidroponik,biaya awal hidroponik,modal besar
hidroponik,biaya awal hidroponik,biaya tinggi
hidroponik,biaya awal hidroponik,mahal di awal
hidroponik,biaya awal hidroponik,investasi awal
hidroponik,biaya awal hidroponik,alat mahal
hidroponik,biaya awal hidroponik,belum balik modal
hidroponik,biaya awal hidroponik,cost awal
hidroponik,kompleksitas perawatan,ph
hidroponik,kompleksitas perawatan,nutrisi
hidroponik,kompleksitas perawatan,ribet
hidroponik,kompleksitas perawatan,rawat
hidroponik,kompleksitas perawatan,kontrol
hidroponik,kompleksitas perawatan,cek rutin
hidroponik,kompleksitas perawatan,sejuk
hidroponik,kompleksitas perawatan,sulit
hidroponik,kompleksitas perawatan,mudah
hidroponik,kompleksitas perawatan,perawatan harian
hidroponik,kompleksitas perawatan,rewel
hidroponik,kompleksitas perawatan,monitoring
hidroponik,kompleksitas perawatan,solusi
hidroponik,kompleksitas perawatan,susah
hidroponik,kompleksitas perawatan,waktu luang
hidroponik,kompleksitas perawatan,praktis
hidroponik,kompleksitas perawatan,takaran
hidroponik,kompleksitas perawatan,tanam
hidroponik,kompleksitas perawatan,hidup
hidroponik,kompleksitas perawatan,air
hidroponik,kompleksitas perawatan,bibit
hidroponik,kompleksitas perawatan,benih
hidroponik,kompleksitas perawatan,metode
hidroponik,kompleksitas perawatan,mix
hidroponik,kompleksitas perawatan,ribet banget
hidroponik,kompleksitas perawatan,perlu telaten
hidroponik,kompleksitas perawatan,telaten
hidroponik,kompleksitas perawatan,butuh waktu
hidroponik,kompleksitas perawatan,sering dicek
hidroponik,kompleksitas perawatan,rawan gagal
hidroponik,kompleksitas perawatan,salah sedikit mati
hidroponik,kompleksitas perawatan,harus rutin
hidroponik,kompleksitas perawatan,tidak bisa ditinggal
hidroponik,keuntungan hidroponik,untung
hidroponik,keuntungan hidroponik,hasil
hidroponik,keuntungan hidroponik,layak
hidroponik,keuntungan hidroponik,mudah
hidroponik,keuntungan hidroponik,cepat panen
hidroponik,keuntungan hidroponik,bersih
hidroponik,keuntungan hidroponik,hemat lahan
hidroponik,keuntungan hidroponik,efisien
hidroponik,keuntungan hidroponik,praktis
hidroponik,keuntungan hidroponik,menguntungkan
hidroponik,keuntungan hidroponik,produktif
hidroponik,keuntungan hidroponik,produksi stabil
hidroponik,keuntungan hidroponik,hasil cepat
hidroponik,keuntungan hidroponik,panen cepat
hidroponik,keuntungan hidroponik,minim hama
hidroponik,keuntungan hidroponik,bersih
hidroponik,keuntungan hidroponik,efisien tempat
hidroponik,keuntungan hidroponik,cocok perkotaan
hidroponik,keuntungan hidroponik,modern
hidroponik,keuntungan hidroponik,produktivitas tinggi
hidroponik,minat hidroponik,coba
hidroponik,minat hidroponik,tertarik
hidroponik,minat hidroponik,mulai
hidroponik,minat hidroponik,belajar
hidroponik,minat hidroponik,suka
hidroponik,minat hidroponik,pemula
hidroponik,minat hidroponik,eksperimen
hidroponik,minat hidroponik,pengen
hidroponik,minat hidroponik,ingin
hidroponik,minat hidroponik,adopsi
hidroponik,minat hidroponik,minat
hidroponik,minat hidroponik,langkah awal
hidroponik,minat hidroponik,tertarik coba
hidroponik,minat hidroponik,kepikiran
hidroponik,minat hidroponik,pengen belajar
hidroponik,minat hidroponik,mau mulai
hidroponik,minat hidroponik,penasaran hidroponik
hidroponik,minat hidroponik,tertarik sistem ini
hidroponik,minat hidroponik,minat tinggi 
